image,label
img231.jpg,0
img927.jpg,0
img4172.jpg,0
img937.jpg,0
img4070.jpg,0
img4010.jpg,0
img4040.jpg,0
img4073.jpg,0
img4110.jpg,0
img249.jpg,0
img957.jpg,0
img14.jpg,0
img836.jpg,0
img4023.jpg,0
img4141.jpg,0
img279.jpg,0
img850.jpg,0
img528.jpg,0
img990.jpg,0
img317.jpg,0
img319.jpg,0
img296.jpg,0
img946.jpg,0
img15.jpg,0
img4112.jpg,0
img4109.jpg,0
img4151.jpg,0
img301.jpg,0
img4026.jpg,0
img4176.jpg,0
img248.jpg,0
img243.jpg,0
img18.jpg,0
img250.jpg,0
img4144.jpg,0
img833.jpg,0
img4077.jpg,0
img4009.jpg,0
img817.jpg,0
5.jpg,0
img4120.jpg,0
img3.jpg,0
img4167.jpg,0
img4058.jpg,0
img257.jpg,0
img802.jpg,0
img907.jpg,0
img4096.jpg,0
img998.jpg,0
img4170.jpg,0
img4083.jpg,0
img942.jpg,0
img4008.jpg,0
img4011.jpg,0
img271.jpg,0
img972.jpg,0
img4005.jpg,0
img4194.jpg,0
img237.jpg,0
img208.jpg,0
6 copy.jpg,0
img259.jpg,0
img4129.jpg,0
img859.jpg,0
img267.jpg,0
img4161.jpg,0
img300.jpg,0
img4171.jpg,0
img983.jpg,0
img4088.jpg,0
img926.jpg,0
img329.jpg,0
img889.jpg,0
img4015.jpg,0
img228.jpg,0
img239.jpg,0
img816.jpg,0
img911.jpg,0
img973.jpg,0
img258.jpg,0
img4030.jpg,0
img4158.jpg,0
img16.jpg,0
img322.jpg,0
img837.jpg,0
img4154.jpg,0
img4166.jpg,0
img302.jpg,0
img4003.jpg,0
img843.jpg,0
img4084.jpg,0
img4159.jpg,0
img902.jpg,0
img882.jpg,0
img234.jpg,0
img510.jpg,0
img853.jpg,0
img812.jpg,0
img512.jpg,0
img4031.jpg,0
img4006.jpg,0
img274.jpg,0
img809.jpg,0
img4049.jpg,0
img209.jpg,0
img283.jpg,0
img4055.jpg,0
img4067.jpg,0
img4002.jpg,0
img4062.jpg,0
img920.jpg,0
img4069.jpg,0
img883.jpg,0
img514.jpg,0
img202.jpg,0
img230.jpg,0
img223.jpg,0
img954.jpg,0
img519.jpg,0
img886.jpg,0
img4157.jpg,0
img965.jpg,0
img4074.jpg,0
img914.jpg,0
img888.jpg,0
img980.jpg,0
img950.jpg,0
img4106.jpg,0
img214.jpg,0
img956.jpg,0
img929.jpg,0
img326.jpg,0
img4162.jpg,0
img4160.jpg,0
img970.jpg,0
img847.jpg,0
img876.jpg,0
img529.jpg,0
img930.jpg,0
img4075.jpg,0
img323.jpg,0
img292.jpg,0
img4022.jpg,0
img266.jpg,0
img899.jpg,0
img855.jpg,0
img254.jpg,0
img11.jpg,0
img244.jpg,0
img4185.jpg,0
img993.jpg,0
img976.jpg,0
img801.jpg,0
img293.jpg,0
img4004.jpg,0
img517.jpg,0
img4020.jpg,0
img19.jpg,0
img521.jpg,0
img900.jpg,0
img910.jpg,0
img842.jpg,0
img916.jpg,0
img4063.jpg,0
img4027.jpg,0
img4133.jpg,0
img4038.jpg,0
img246.jpg,0
img204.jpg,0
img4048.jpg,0
img4059.jpg,0
img10.jpg,0
img865.jpg,0
img949.jpg,0
img881.jpg,0
img4024.jpg,0
img856.jpg,0
img951.jpg,0
img887.jpg,0
img4029.jpg,0
img839.jpg,0
img286.jpg,0
img4126.jpg,0
img4173.jpg,0
img828.jpg,0
img934.jpg,0
img203.jpg,0
img4143.jpg,0
img868.jpg,0
img4100.jpg,0
img860.jpg,0
000003360000.jpg,0
img820.jpg,0
img4101.jpg,0
img4098.jpg,0
img291.jpg,0
img952.jpg,0
img268.jpg,0
img805.jpg,0
img524.jpg,0
img4097.jpg,0
img969.jpg,0
img4169.jpg,0
img4184.jpg,0
img834.jpg,0
img327.jpg,0
img971.jpg,0
img236.jpg,0
img800.jpg,0
img4155.jpg,0
img897.jpg,0
img221.jpg,0
img953.jpg,0
img299.jpg,0
img4012.jpg,0
img913.jpg,0
img964.jpg,0
img858.jpg,0
img925.jpg,0
img4025.jpg,0
img4130.jpg,0
img4164.jpg,0
img21.jpg,0
img827.jpg,0
img866.jpg,0
img4045.jpg,0
img4065.jpg,0
img23.jpg,0
img502.jpg,0
img4016.jpg,0
img981.jpg,0
img849.jpg,0
img251.jpg,0
img967.jpg,0
img4179.jpg,0
img4175.jpg,0
img503.jpg,0
img4079.jpg,0
img255.jpg,0
img4047.jpg,0
img961.jpg,0
img4124.jpg,0
img4177.jpg,0
img4183.jpg,0
img247.jpg,0
img4082.jpg,0
img269.jpg,0
img4081.jpg,0
img4104.jpg,0
img4132.jpg,0
img313.jpg,0
img4138.jpg,0
img978.jpg,0
img935.jpg,0
img804.jpg,0
img840.jpg,0
img803.jpg,0
img974.jpg,0
img4105.jpg,0
img4134.jpg,0
img861.jpg,0
img931.jpg,0
img515.jpg,0
img4036.jpg,0
img893.jpg,0
img4013.jpg,0
img227.jpg,0
img518.jpg,0
img533.jpg,0
img215.jpg,0
img4056.jpg,0
img4052.jpg,0
img506.jpg,0
img4021.jpg,0
img960.jpg,0
img826.jpg,0
img822.jpg,0
img315.jpg,0
img873.jpg,0
img808.jpg,0
img210.jpg,0
img6.jpg,0
img871.jpg,0
img235.jpg,0
img311.jpg,0
img891.jpg,0
img500.jpg,0
img821.jpg,0
img877.jpg,0
img308.jpg,0
img830.jpg,0
img984.jpg,0
img962.jpg,0
img988.jpg,0
img316.jpg,0
img4050.jpg,0
img940.jpg,0
img265.jpg,0
img330.jpg,0
img229.jpg,0
img508.jpg,0
img884.jpg,0
img303.jpg,0
img918.jpg,0
img4085.jpg,0
img831.jpg,0
img4046.jpg,0
img4087.jpg,0
img825.jpg,0
img901.jpg,0
img4041.jpg,0
img857.jpg,0
img933.jpg,0
img4165.jpg,0
img824.jpg,0
img4066.jpg,0
img932.jpg,0
img4060.jpg,0
img207.jpg,0
img282.jpg,0
img307.jpg,0
img4053.jpg,0
img318.jpg,0
img4001.jpg,0
img4146.jpg,0
img4136.jpg,0
img832.jpg,0
img923.jpg,0
img963.jpg,0
img904.jpg,0
img879.jpg,0
img807.jpg,0
img222.jpg,0
img4078.jpg,0
img294.jpg,0
img4199.jpg,0
img4061.jpg,0
img867.jpg,0
img522.jpg,0
5 copy.jpg,0
img4086.jpg,0
img288.jpg,0
img205.jpg,0
img872.jpg,0
img516.jpg,0
img4099.jpg,0
img252.jpg,0
img994.jpg,0
img4123.jpg,0
img304.jpg,0
img4182.jpg,0
img4125.jpg,0
img290.jpg,0
img4140.jpg,0
img238.jpg,0
img525.jpg,0
img331.jpg,0
img943.jpg,0
img4111.jpg,0
img225.jpg,0
img242.jpg,0
img22.jpg,0
img264.jpg,0
img4139.jpg,0
img806.jpg,0
img922.jpg,0
img263.jpg,0
img4064.jpg,0
img4108.jpg,0
img4149.jpg,0
img272.jpg,0
img982.jpg,0
img4044.jpg,0
img281.jpg,0
img928.jpg,0
img513.jpg,0
img4092.jpg,0
img289.jpg,0
img504.jpg,0
img233.jpg,0
img939.jpg,0
img217.jpg,0
img906.jpg,0
img915.jpg,0
img4051.jpg,0
img991.jpg,0
img4072.jpg,0
img813.jpg,0
img4145.jpg,0
img4068.jpg,0
img4142.jpg,0
img278.jpg,0
img4033.jpg,0
img958.jpg,0
img211.jpg,0
img4178.jpg,0
img819.jpg,0
img995.jpg,0
img530.jpg,0
img523.jpg,0
img917.jpg,0
img4117.jpg,0
img987.jpg,0
img898.jpg,0
img4043.jpg,0
img854.jpg,0
img835.jpg,0
img219.jpg,0
img4188.jpg,0
img212.jpg,0
img966.jpg,0
img306.jpg,0
img4091.jpg,0
img4057.jpg,0
img921.jpg,0
img4193.jpg,0
img989.jpg,0
img284.jpg,0
img890.jpg,0
img4152.jpg,0
img4163.jpg,0
img4103.jpg,0
img213.jpg,0
img232.jpg,0
img275.jpg,0
img27.jpg,0
img24.jpg,0
img894.jpg,0
img270.jpg,0
img4135.jpg,0
img527.jpg,0
img997.jpg,0
img864.jpg,0
img4156.jpg,0
img4122.jpg,0
img4186.jpg,0
img2.jpg,0
img846.jpg,0
img509.jpg,0
img4153.jpg,0
img501.jpg,0
img838.jpg,0
img206.jpg,0
img256.jpg,0
img863.jpg,0
img844.jpg,0
img4174.jpg,0
img262.jpg,0
img992.jpg,0
img273.jpg,0
img818.jpg,0
img314.jpg,0
img4127.jpg,0
img531.jpg,0
img4116.jpg,0
img944.jpg,0
img4115.jpg,0
img12.jpg,0
img245.jpg,0
img4190.jpg,0
img4137.jpg,0
img298.jpg,0
img823.jpg,0
img325.jpg,0
img852.jpg,0
img4189.jpg,0
img17.jpg,0
img880.jpg,0
img4187.jpg,0
img287.jpg,0
img4147.jpg,0
img532.jpg,0
img9.jpg,0
img218.jpg,0
img999.jpg,0
img896.jpg,0
img276.jpg,0
img815.jpg,0
img979.jpg,0
img8.jpg,0
img220.jpg,0
img20.jpg,0
img4121.jpg,0
img260.jpg,0
img324.jpg,0
img845.jpg,0
img520.jpg,0
img924.jpg,0
img28.jpg,0
img811.jpg,0
img908.jpg,0
img968.jpg,0
img4000.jpg,0
img848.jpg,0
img4181.jpg,0
img4018.jpg,0
img4094.jpg,0
img829.jpg,0
img285.jpg,0
img4037.jpg,0
img841.jpg,0
img13.jpg,0
img241.jpg,0
img4198.jpg,0
img4054.jpg,0
img977.jpg,0
img909.jpg,0
img874.jpg,0
img870.jpg,0
img4019.jpg,0
img4119.jpg,0
img4195.jpg,0
img4035.jpg,0
img878.jpg,0
img869.jpg,0
img892.jpg,0
img4032.jpg,0
img975.jpg,0
img310.jpg,0
img4191.jpg,0
img905.jpg,0
img895.jpg,0
img240.jpg,0
img4148.jpg,0
img309.jpg,0
img4114.jpg,0
img305.jpg,0
img26.jpg,0
img507.jpg,0
img4192.jpg,0
img985.jpg,0
img261.jpg,0
img4196.jpg,0
img4150.jpg,0
img875.jpg,0
img885.jpg,0
img328.jpg,0
img4007.jpg,0
img948.jpg,0
img941.jpg,0
img986.jpg,0
img7.jpg,0
img4034.jpg,0
img253.jpg,0
img312.jpg,0
img321.jpg,0
img320.jpg,0
img505.jpg,0
img226.jpg,0
img919.jpg,0
img4042.jpg,0
img4.jpg,0
img4017.jpg,0
img534.jpg,0
img4128.jpg,0
img4093.jpg,0
img4197.jpg,0
img4080.jpg,0
img814.jpg,0
img4131.jpg,0
img4095.jpg,0
img996.jpg,0
img938.jpg,0
img4071.jpg,0
img936.jpg,0
img4180.jpg,0
img4118.jpg,0
img224.jpg,0
img947.jpg,0
img810.jpg,0
img4076.jpg,0
img511.jpg,0
img25.jpg,0
img862.jpg,0
img280.jpg,0
img4113.jpg,0
img851.jpg,0
img903.jpg,0
img201.jpg,0
img526.jpg,0
img4107.jpg,0
img955.jpg,0
img4168.jpg,0
img295.jpg,0
img297.jpg,0
img959.jpg,0
6.jpg,0
img945.jpg,0
img4090.jpg,0
img4039.jpg,0
img4089.jpg,0
img4102.jpg,0
img912.jpg,0
img4014.jpg,0
img4028.jpg,0
img216.jpg,0
img277.jpg,0
